year,escapement
1983,8723
1984,12628
1985,16002
1986,17908
1987,9409
1988,11468
1989,6599.75
1990,16792
1991,5819.83
1992,7348
1993,5794.28
1994,5543.42
1995,6892
1996,10613
1997,4872
1998,14391.75
1999,4799.18
2000,16759.19
2001,13292.66
2002,18151.85
2003,9243.58
2004,22777.92
2005,19951.29
2006,19468.28
2007,10024.88
2008,10421.59
2009,6660.36
2010,7489.64
2011,5117.9
2012,13335.38095
2013,10748.95128
2014,10285
2015,12868
2016,16319
2017,12271.306
2018,10603.05952
2019,11484
